﻿<?xml version="1.0"?>
<doc>
<assembly>
<name>
Uweb Launcher
</name>
</assembly>
<members>
<member name="T:Uweb_Launcher.My.Resources.Resources">
<summary>
  A strongly-typed resource class, for looking up localized strings, etc.
</summary>
</member>
<member name="P:Uweb_Launcher.My.Resources.Resources.ResourceManager">
<summary>
  Returns the cached ResourceManager instance used by this class.
</summary>
</member>
<member name="P:Uweb_Launcher.My.Resources.Resources.Culture">
<summary>
  Overrides the current thread's CurrentUICulture property for all
  resource lookups using this strongly typed resource class.
</summary>
</member>
<member name="T:Uweb_Launcher.Thirteen_Theme">
<summary>
  Yerelleştirilmiş dizeleri aramak gibi işlemler için, türü kesin olarak belirtilmiş kaynak sınıfı.
</summary>
</member>
<member name="P:Uweb_Launcher.Thirteen_Theme.ResourceManager">
<summary>
  Bu sınıf tarafından kullanılan, önbelleğe alınmış ResourceManager örneğini döndürür.
</summary>
</member>
<member name="P:Uweb_Launcher.Thirteen_Theme.Culture">
<summary>
  Tümü için geçerli iş parçacığının CurrentUICulture özelliğini geçersiz kular
  CurrentUICulture özelliğini tüm kaynak aramaları için geçersiz kılar.
</summary>
</member>
</members>
</doc>
